{
  "stats": {
    "EXAMPLE_TOKEN_1": {
      "name": "EXAM...EN_1",
      "commands": 0,
      "coins": 0,
      "lastTotal": 0,
      "catches": 0,
      "items": 0,
      "animals": 0,
      "failures": 0
    },
    "MTE4MTkxNzI3MTE5MTQ3MDE4Mg.Gd46Gd.ZSEsjFAFXI1NXSTnWIa4W9cp3wOXtvDdOzBttc": {
      "name": "skibiditoiletfr5",
      "commands": 8,
      "coins": 27564595,
      "lastTotal": 27564595,
      "catches": 3,
      "items": 1,
      "animals": 2,
      "failures": 0
    },
    "MTE5ODY3NzA3NzEwOTUxMDIzOQ.GETpti.oucJH7mtXLQImafKbn6Dq0GBh9vbvB8p4T05CE": {
      "name": "loller_71961",
      "commands": 6,
      "coins": 50081263,
      "lastTotal": 50081263,
      "catches": 3,
      "items": 1,
      "animals": 2,
      "failures": 0
    },
    "OTA5MzI4NzIzMDM0MTIwMjQz.G_M-nj.r261597KEDiK5mkxES0EtSWsn5GwwT0KGL8ONQ": {
      "name": "smchaser.",
      "commands": 4,
      "coins": 0,
      "lastTotal": 0,
      "catches": 0,
      "items": 0,
      "animals": 0,
      "failures": 0
    },
    "ODQ4NTExOTg4NzMyMDAyMzI0.GK4wPe.B1qYqfBz6RdcDoEqsC8efLu0SrQ6Dct7Hp9XHU": {
      "name": "gamerkid5300",
      "commands": 4,
      "coins": 26159746,
      "lastTotal": 26159746,
      "catches": 2,
      "items": 1,
      "animals": 1,
      "failures": 0
    }
  }
}