{
  "tokens": [
    {
      "token": "MTE4MTkxNzI3MTE5MTQ3MDE4Mg.Gd46Gd.ZSEsjFAFXI1NXSTnWIa4W9cp3wOXtvDdOzBttc",
      "channelId": "1374292068318445668",
      "active": false
    },
    {
      "token": "MTE5ODY3NzA3NzEwOTUxMDIzOQ.GETpti.oucJH7mtXLQImafKbn6Dq0GBh9vbvB8p4T05CE",
      "channelId": "1374112259994943561",
      "active": false
    },
    {
      "token": "OTA5MzI4NzIzMDM0MTIwMjQz.G_M-nj.r261597KEDiK5mkxES0EtSWsn5GwwT0KGL8ONQ",
      "channelId": "1372122677669527653",
      "active": true
    },
    {
      "token": "ODQ4NTExOTg4NzMyMDAyMzI0.GK4wPe.B1qYqfBz6RdcDoEqsC8efLu0SrQ6Dct7Hp9XHU",
      "channelId": "1371731801155833959",
      "active": true
    }
  ]
}