{
  "MTE5ODY3NzA3NzEwOTUxMDIzOQ.Gvdqyi.XcZ3yguhaeonvpbE48a16cgvdWfxw7Fl8WdaeY": {
    "name": "loller_71961",
    "commands": 56,
    "coins": 0,
    "catches": 0,
    "items": 0,
    "failures": 0,
    "lastTotal": 0
  },
  "ODkzMzYxNDc5MTIwNzI4MDk0.GeqKiS.1mhQJvSORKE7Zk2M8f_XooRyUettWVruDlDa2c": {
    "name": "belon_musk",
    "commands": 84,
    "coins": 0,
    "catches": 0,
    "items": 0,
    "failures": 0,
    "lastTotal": 0
  },
  "ODQ4NTExOTg4NzMyMDAyMzI0.GvvryM.bQJNj8lJXILpMs7Hk6mSo2eg5SqTpxJZegDvb8": {
    "name": "gamerkid5300",
    "commands": 84,
    "coins": 30822261,
    "catches": 0,
    "items": 0,
    "failures": 0,
    "lastTotal": 26091956
  },
  "OTA5MzI4NzIzMDM0MTIwMjQz.GRlsD4.dlvDAG6b6TU_qRPNOllK6wcyWOG9jBYKT6Uy_Y": {
    "name": "smchaser.",
    "commands": 84,
    "coins": 30822261,
    "catches": 0,
    "items": 0,
    "failures": 0,
    "lastTotal": 26091956
  },
  "MTE4MTkxNzI3MTE5MTQ3MDE4Mg.GPUi5h.CsxfYY2sC_AZmz_ISY_86RvWJfrTLjivFVesbU": {
    "name": "skibiditoiletfr5",
    "commands": 56,
    "coins": 0,
    "catches": 0,
    "items": 0,
    "failures": 0,
    "lastTotal": 0
  }
}