[
  {
    "token": "ODkzMzYxNDc5MTIwNzI4MDk0.GeqKiS.1mhQJvSORKE7Zk2M8f_XooRyUettWVruDlDa2c",
    "channelId": "934717146368458753",
    "active": false
  },
  {
    "token": "OTA5MzI4NzIzMDM0MTIwMjQz.GKytHt.1ZQ2xkgMc487esmDxNYv9CSLdfLk8gNOsHNdUc",
    "channelId": "1372122677669527653",
    "active": false
  },
  {
    "token": "OTA5MzI4NzIzMDM0MTIwMjQz.GRlsD4.dlvDAG6b6TU_qRPNOllK6wcyWOG9jBYKT6Uy_Y",
    "channelId": "1374292068318445668",
    "active": false
  },
  {
    "token": "ODQ4NTExOTg4NzMyMDAyMzI0.GvvryM.bQJNj8lJXILpMs7Hk6mSo2eg5SqTpxJZegDvb8",
    "channelId": "1374292068318445668",
    "active": false
  }
]